Model,Silhouette Score,Davies-Bouldin Score,Calinski-Harabasz Score
KMeans,0.49246047182830094,0.6511640835376158,133.28286093759826
